authfull	inst_name	cntry	np6024	firstyr	lastyr	rank (ns)	nc2424 (ns)	h24 (ns)	hm24 (ns)	nps (ns)	ncs (ns)	cpsf (ns)	ncsf (ns)	npsfl (ns)	ncsfl (ns)	c (ns)	npciting (ns)	cprat (ns)	np6024 cited2424 (ns)	self%	rank	nc2424	h24	hm24	nps	ncs	cpsf	ncsf	npsfl	ncsfl	c	npciting	cprat	np6024 cited2424	np6024_rw	nc2424_to_rw	nc2424_rw	sm-subfield-1	sm-subfield-1-frac	sm-subfield-2	sm-subfield-2-frac	sm-field	sm-field-frac	rank sm-subfield-1	rank sm-subfield-1 (ns)	sm-subfield-1 count
Breiman, Leo	University of California, Berkeley	usa	57	1960	2018	15	18520	15	13.75	41	17221	53	18467	54	18512	4.973234044885965	16925	1.09423929098966	32	0.0	16	18520	15	13.75	41	17221	53	18467	54	18512	4.958464738631592	16925	1.09423929098966	32	0	0	10	Statistics & Probability	0.375	Artificial Intelligence & Image Processing	0.2142857142857143	Mathematics & Statistics	0.4642857142857143	1	1	23594
Karniadakis, George Em	Brown University	usa	765	1986	2025	281	14167	47	21.6508658008658	9	16	29	1508	637	13077	4.330411733726191	6755	2.097261287934863	489	0.04849999999999999	293	14889	48	22.30086580086579	9	16	29	1533	637	13673	4.334443131150941	6847	2.17452899079889	503	0	0	0	Applied Mathematics	0.2810457516339869	Fluids & Plasmas	0.1124183006535948	Mathematics & Statistics	0.3908496732026144	1	1	22433
Tibshirani, Robert John	Stanford University	usa	421	1982	2025	17	13860	44	20.54293766265567	18	4244	42	4988	206	10381	4.956055794144673	11709	1.183704842428901	321	0.0206	18	14151	46	20.89169647164749	18	4245	42	4989	206	10405	4.954286858556047	11893	1.189859581266291	322	0	0	4	Statistics & Probability	0.3539192399049881	Oncology & Carcinogenesis	0.09026128266033254	Mathematics & Statistics	0.3942992874109263	2	2	23594
Hastie, Trevor J.	Stanford University	usa	290	1979	2025	218	11317	42	20.57324846339108	7	131	50	1377	129	4740	4.383550975062117	9859	1.147885181052845	215	0.0133	236	11470	43	20.90658179672441	7	131	50	1388	129	4765	4.377513440669151	9971	1.150335974325544	218	0	0	0	Statistics & Probability	0.3344827586206897	Artificial Intelligence & Image Processing	0.1206896551724138	Mathematics & Statistics	0.3827586206896552	8	8	23594
White, Ian R.	University College London	gbr	417	1991	2025	539	11136	37	14.02599528972561	14	126	66	1274	162	2286	4.182451122106519	10158	1.096278795038393	288	0.0383	565	11579	37	14.93225354984011	14	126	66	1293	162	2366	4.189941498860931	10406	1.112723428791082	301	0	0	2	Statistics & Probability	0.342925659472422	General & Internal Medicine	0.1678657074340528	Mathematics & Statistics	0.4052757793764988	12	12	23594
Bowden, Jack M.	University of Exeter	gbr	128	2005	2025	1010	11125	28	9.112974570628845	2	11	31	6184	52	7368	4.028402977590112	4964	2.241136180499597	107	0.0158	1138	11304	29	9.112974570628845	2	11	31	6207	52	7412	4.024402380611608	5032	2.246422893481717	107	0	0	7	Statistics & Probability	0.3359375	Epidemiology	0.1484375	Mathematics & Statistics	0.3359375	20	20	23594
Bates, Douglas M.	School of Computer, Data & Information Sciences	usa	39	1981	2025	9631	10635	9	4.483333333333333	4	0	19	9690	33	10614	3.451094614639999	10200	1.042647058823529	23	0.0004	11027	10639	9	4.483333333333333	4	0	19	9690	33	10616	3.441263629071467	10202	1.042834738286611	23	0	0	0	Statistics & Probability	0.5897435897435898	Dairy & Animal Science	0.1025641025641026	Mathematics & Statistics	0.6410256410256411	74	69	23594
Rubin, Donald B.	Harvard University	usa	313	1967	2025	41	9906	32	23.58333333333333	90	2221	118	2428	271	9804	4.756336312135986	7931	1.249022821838356	170	0.0067	42	9973	32	23.58333333333333	90	2223	118	2430	271	9865	4.739933610305311	7942	1.255729035507429	173	0	0	2	Statistics & Probability	0.4469453376205788	Social Sciences Methods	0.07717041800643087	Mathematics & Statistics	0.5691318327974276	3	3	23594
Friedman, Jerome H.	Stanford University	usa	105	1965	2024	60	9371	21	12.79761904761905	18	4668	52	7493	69	7689	4.668329076625564	8458	1.1079451406952	54	0.0009	63	9379	21	12.96428571428572	18	4668	52	7494	69	7693	4.656825815202055	8463	1.108235850171334	54	0	0	4	Statistics & Probability	0.3904761904761905	Nuclear & Particle Physics	0.2	Mathematics & Statistics	0.4761904761904762	4	4	23594
Gelman, Andrew E.	Columbia University	usa	344	1987	2025	83	8581	38	18.61154401154401	79	617	183	4143	249	5633	4.587835670850397	6230	1.377367576243981	228	0.0133	93	8697	38	18.62039356906613	79	623	183	4174	249	5689	4.574842882247174	6265	1.388188347964884	235	0	0	1	Statistics & Probability	0.3947368421052632	Political Science & Public Administration	0.0847953216374269	Mathematics & Statistics	0.47953216374269	5	5	23594
Baleanu, Dumitru I.	Lebanese American University	lbn	2300	1994	2026	1316	8484	30	18.84920634920634	25	7	306	1187	1404	5131	3.971261385899154	5070	1.673372781065089	1451	0.1638	1090	10146	31	20.91825396825397	25	7	306	1353	1404	6144	4.031303172719303	5645	1.797342781222321	1584	10	24	8	Applied Mathematics	0.2404347826086957	Nuclear & Particle Physics	0.1052173913043478	Mathematics & Statistics	0.3947826086956522	6	6	22433
Rabczuk, Timon	Bauhaus-Universität Weimar	deu	820	2003	2026	3741	7001	35	18.92900432900432	2	0	44	607	566	4981	3.710455003844908	4237	1.652348359688459	653	0.0816	3700	7623	37	19.85162337662337	2	0	44	644	566	5401	3.737313606682523	4437	1.718052738336714	666	0	0	0	Applied Mathematics	0.2902439024390244	Mechanical Engineering & Transports	0.1597560975609756	Mathematics & Statistics	0.3231707317073171	14	16	22433
Perdikaris, Paris G.	University of Pennsylvania	usa	81	2009	2025	22542	6808	23	9.457575757575757	0	0	10	124	39	1562	3.199021208695386	4214	1.615567157095396	65	0.0225	24895	6965	23	9.967099567099565	0	0	10	125	39	1604	3.202952023385092	4266	1.632676980778247	69	0	0	0	Applied Mathematics	0.3703703703703703	Artificial Intelligence & Image Processing	0.1358024691358025	Mathematics & Statistics	0.4320987654320987	85	64	22433
Klöckner, Andreas	Siebel School of Computing and Data Science	usa	32	2009	2025	177605	6492	7	2.976190476190476	2	3	10	68	17	82	2.521845423301643	6471	1.003245248029671	19	0.0143	203198	6586	7	2.976190476190476	2	3	10	69	17	85	2.519463235630222	6561	1.003810394756897	21	0	0	0	Applied Mathematics	0.375	Numerical & Computational Mathematics	0.125	Mathematics & Statistics	0.5	555	446	22433
Rothstein, Hannah R.	Baruch College	usa	58	1989	2021	9335	5929	14	6.088095238095239	6	31	20	243	37	3095	3.460797852660986	5520	1.074094202898551	41	0.0054	10690	5961	14	6.088095238095239	6	31	20	243	37	3106	3.450199160298276	5548	1.074441240086518	41	0	0	2	Business & Management	0.1724137931034483	Statistics & Probability	0.06896551724137931	Mathematics & Statistics	0.2241379310344828	298	278	62666
Koch, Gary G.	UNC Gillings School of Global Public Health	usa	475	1967	2025	25309	5873	16	5.915202852702854	24	6	63	26	257	4826	3.162901324081515	5781	1.015914201695209	180	0.0139	27727	5956	16	6.015202852702853	24	6	63	30	257	4842	3.169459897142044	5829	1.021787613655859	193	0	0	0	Statistics & Probability	0.3621052631578948	Cardiovascular System & Hematology	0.1136842105263158	Mathematics & Statistics	0.3936842105263158	159	152	23594
Candés, Emmanuel J.	Stanford University	usa	168	1999	2025	176	5638	36	20.81666666666667	9	216	72	3767	124	4696	4.435017667353592	3664	1.538755458515284	146	0.0105	194	5698	36	20.98333333333333	9	216	72	3777	124	4730	4.421532208886845	3677	1.549632852869187	147	0	0	0	Statistics & Probability	0.2261904761904762	Networking & Telecommunications	0.1488095238095238	Mathematics & Statistics	0.4880952380952381	6	6	23594
Carpenter, James R.	London School of Hygiene & Tropical Medicine	gbr	133	1998	2023	37190	4822	16	7.741123642439432	4	0	20	210	61	865	3.040876581145924	4623	1.043045641358425	87	0.0129	41023	4885	17	7.774456975772766	4	0	20	214	61	884	3.04661655148144	4661	1.048058356575842	88	0	0	3	Statistics & Probability	0.3609022556390977	General & Internal Medicine	0.1278195488721804	Mathematics & Statistics	0.4511278195488722	210	194	23594
Raissi, Maziar	University of Colorado Boulder	usa	33	2014	2025	2023	4811	14	6.292857142857143	2	128	14	3907	18	3907	3.868753988520788	3525	1.364822695035461	24	0.0158	2209	4888	14	6.292857142857143	2	132	14	3965	18	3965	3.864443800250133	3561	1.372648132547037	24	0	0	0	Applied Mathematics	0.2424242424242424	Artificial Intelligence & Image Processing	0.1515151515151515	Mathematics & Statistics	0.3636363636363636	8	8	22433
Nisar, Kottakkaran Sooppy	Prince Sattam Bin Abdulaziz University	sau	1115	2010	2025	5239	4604	20	13.89963924963924	9	11	118	454	535	1885	3.619604664025761	3169	1.452824234774377	836	0.2193	3813	5897	24	14.82662337662337	9	12	118	555	535	2415	3.728837369839106	3757	1.569603406973649	905	2	3	1	Applied Mathematics	0.2349775784753363	Mechanical Engineering & Transports	0.1488789237668161	Mathematics & Statistics	0.4143497757847533	16	19	22433
Donoho, David L.	Stanford University	usa	207	1981	2025	149	4536	26	16.95000000000001	25	1759	104	2925	162	3532	4.461407441394302	3517	1.289735570088143	130	0.006999999999999999	174	4568	26	16.95000000000001	25	1759	104	2944	162	3558	4.447165667296176	3528	1.294784580498866	130	0	0	0	Networking & Telecommunications	0.251207729468599	Statistics & Probability	0.1400966183574879	Mathematics & Statistics	0.3623188405797101	2	2	217319
Robins, James M.	Harvard T.H. Chan School of Public Health	usa	315	1981	2025	540	4230	29	15.28495670995671	22	236	79	1347	224	3776	4.181721243171028	2827	1.496285815351963	209	0.0269	575	4347	29	15.82781385281385	22	240	79	1363	224	3843	4.181258345902089	2854	1.52312543798178	217	0	0	2	Statistics & Probability	0.4444444444444444	Epidemiology	0.2031746031746032	Mathematics & Statistics	0.5047619047619047	13	13	23594
Hughes, Thomas J.R.	The University of Texas at Austin	usa	433	1970	2025	878	4104	26	16.61349206349206	25	105	120	1398	298	2595	4.063791306230129	2110	1.945023696682465	286	0.0454	899	4299	26	17.6563492063492	25	105	120	1426	298	2699	4.072175223489093	2142	2.007002801120448	294	0	0	0	Applied Mathematics	0.5681293302540416	Mechanical Engineering & Transports	0.08775981524249422	Mathematics & Statistics	0.6628175519630485	3	4	22433
Osher, Stanley Joel	University of California, Los Angeles	usa	453	1967	2025	3091	3962	24	13.55311355311355	25	21	51	749	289	2206	3.760333545167712	3018	1.312789927104042	277	0.0395	3218	4125	25	14.08537161762968	25	21	51	757	289	2278	3.770483066401259	3069	1.344086021505376	289	0	0	0	Applied Mathematics	0.2693156732891832	Artificial Intelligence & Image Processing	0.2030905077262693	Mathematics & Statistics	0.5275938189845475	11	11	22433
Hornik, Kurt	WU Vienna University of Economics and Business	aut	199	1988	2025	907	3894	18	10.33166666666667	10	438	39	2188	123	2710	4.057049673424739	3606	1.079866888519135	82	0.0084	971	3927	18	10.74833333333333	10	439	39	2193	123	2728	4.054491410674593	3622	1.084207620099393	87	0	0	1	Statistics & Probability	0.4371859296482412	Artificial Intelligence & Image Processing	0.1407035175879397	Mathematics & Statistics	0.4874371859296482	17	17	23594
Shu, Chi Wang	Brown University	usa	517	1987	2024	826	3868	26	17.91666666666666	22	182	29	590	365	3343	4.077247922632814	1565	2.471565495207668	352	0.0867	854	4235	26	18.41666666666666	22	185	29	596	365	3602	4.085022131464608	1587	2.668557025834909	384	0	0	0	Numerical & Computational Mathematics	0.3752417794970986	Applied Mathematics	0.3694390715667311	Mathematics & Statistics	0.8123791102514507	2	2	16972
Lu, Lu	Yale University	usa	66	2016	2025	18606	3854	21	5.99920634920635	0	0	13	1453	29	1696	3.256754114351681	2589	1.488605639242951	55	0.0493	19105	4054	22	6.349206349206351	0	0	13	1524	29	1790	3.281075219313967	2634	1.539104024297646	57	0	0	0	Applied Mathematics	0.196969696969697	Artificial Intelligence & Image Processing	0.09090909090909091	Mathematics & Statistics	0.2424242424242424	57	55	22433
Paciorek, Christopher J.	University of California, Berkeley	usa	106	2000	2024	33972	3819	21	5.79837071479065	7	23	23	90	27	108	3.070365572364747	3592	1.063195991091314	82	0.1054	36591	4269	21	5.94289622657753	7	23	23	95	27	113	3.083081997908364	3931	1.085983210379038	85	0	0	0	Statistics & Probability	0.2264150943396226	Meteorology & Atmospheric Sciences	0.1792452830188679	Mathematics & Statistics	0.2547169811320755	186	187	23594
Raftery, Adrian E.	University of Washington	usa	246	1980	2025	2829	3817	24	12.60400432900433	19	41	52	445	168	2944	3.78396086737632	3195	1.194679186228482	148	0.0185	3014	3889	24	13.10400432900433	19	42	52	457	168	2993	3.786533756851109	3213	1.210395269218799	154	0	0	2	Statistics & Probability	0.451219512195122	Demography	0.08130081300813008	Mathematics & Statistics	0.5284552845528455	31	31	23594
Weinan, E. W.	AI for Science Institute	chn	287	1990	2025	808	3689	29	13.94746707193516	18	164	129	1183	243	3226	4.083695684117262	2303	1.601823708206687	189	0.0509	905	3887	29	13.54746707193516	18	164	129	1208	243	3360	4.07147259120308	2345	1.657569296375267	192	0	0	0	Applied Mathematics	0.2090592334494774	General Mathematics	0.1602787456445993	Mathematics & Statistics	0.4564459930313589	4	3	22433
Rousseeuw, Peter J.	KU Leuven	bel	156	1981	2025	454	3583	17	10.08333333333333	13	2004	53	2590	108	3413	4.224256643528387	3176	1.128148614609572	89	0.0138	463	3633	17	10.91666666666667	13	2009	53	2606	108	3446	4.232426521815244	3182	1.141734758013828	91	0	0	0	Statistics & Probability	0.5769230769230769	Analytical Chemistry	0.0641025641025641	Mathematics & Statistics	0.6666666666666666	10	11	23594
Royston, Patrick J.	University College London	gbr	219	1985	2023	987	3569	27	14.14404761904762	37	229	85	1042	133	1732	4.03523261116341	3075	1.160650406504065	142	0.0127	1097	3615	28	14.14404761904762	37	229	85	1047	133	1753	4.030095889239491	3098	1.166881859264041	144	0	0	1	Statistics & Probability	0.4977168949771689	General & Internal Medicine	0.1461187214611872	Mathematics & Statistics	0.547945205479452	19	19	23594
Wood, Simon N.	The University of Edinburgh	gbr	97	1989	2025	189	3537	23	14.44347826086956	25	2746	40	3045	61	3328	4.418109598164923	2635	1.342314990512334	72	0.0048	215	3554	23	14.44347826086956	25	2746	40	3046	61	3331	4.40330896177823	2637	1.347743648084945	75	0	0	0	Statistics & Probability	0.4329896907216495	Ecology	0.1752577319587629	Mathematics & Statistics	0.5257731958762887	7	7	23594
Belytschko, T. B.	Robert R. McCormick School of Engineering and Applied Science	usa	572	1968	2016	2393	3523	25	15.75000000000001	17	13	179	1160	474	3292	3.825778266798761	1949	1.807593637762955	283	0.0123	2761	3567	25	15.58333333333334	17	13	179	1162	474	3332	3.809755849946594	1960	1.819897959183673	284	0	0	0	Applied Mathematics	0.4667832167832168	Mechanical Engineering & Transports	0.2377622377622378	Mathematics & Statistics	0.4947552447552447	10	9	22433
Abdeljawad (Maraaba) T., Thabet	Prince Sultan University	sau	781	2004	2026	1077	3389	20	14.88571428571428	19	399	102	695	447	2004	4.013650510058735	2135	1.587353629976581	565	0.1476	921	3976	22	15.58571428571428	19	408	102	748	447	2341	4.066382285095153	2409	1.650477376504774	614	1	1	2	Applied Mathematics	0.3661971830985916	General Mathematics	0.17797695262484	Mathematics & Statistics	0.6261203585147247	5	5	22433
Kumam, Poom	King Mongkut's University of Technology Thonburi	tha	1167	2004	2025	19349	3370	20	11.89329004329004	7	7	71	49	503	929	3.245319171788204	2355	1.430997876857749	640	0.1856	16807	4138	22	13.35559163059162	7	7	71	52	503	1110	3.318086789481947	2637	1.569207432688661	710	1	4	1	Applied Mathematics	0.2579263067694944	General Mathematics	0.2236503856041131	Mathematics & Statistics	0.5775492716366752	51	56	22433
Liu, Jun S.	Harvard Faculty of Arts and Sciences	usa	271	1993	2025	18429	3365	15	7.989444619707777	5	38	20	125	155	391	3.25972686741565	3053	1.102194562725188	165	0.0212	19909	3438	16	7.854027953041109	5	39	20	130	155	412	3.269179948982537	3103	1.107960038672253	170	0	0	3	Statistics & Probability	0.3247232472324723	Bioinformatics	0.2730627306273063	Mathematics & Statistics	0.3468634686346864	122	121	23594
Fan, Jianqing	Princeton University	usa	297	1986	2025	1085	3288	27	17.99854023863925	11	33	183	2518	218	2676	4.012399714902148	2174	1.512419503219871	206	0.0425	1189	3434	28	17.86520690530592	11	34	183	2593	218	2766	4.014244768911195	2229	1.540601166442351	213	0	0	1	Statistics & Probability	0.6195286195286195	Econometrics	0.07407407407407407	Mathematics & Statistics	0.7272727272727273	22	22	23594
Hothorn, Torsten	Universität Zürich	che	201	2002	2025	4643	3278	22	8.98001996347208	11	12	38	1772	91	2201	3.650735421903485	2928	1.119535519125683	143	0.0521	4986	3458	23	8.818481501933617	11	13	38	1795	91	2253	3.657976132867221	3010	1.148837209302326	149	0	0	0	Statistics & Probability	0.3681592039800995	Ecology	0.1393034825870647	Mathematics & Statistics	0.3930348258706468	37	36	23594
Akaike, Hirotsugu	The Institute of Statistical Mathematics	jpn	62	1952	2015	425	3180	12	12.0	58	3164	61	3165	73	3180	4.244031627412465	3107	1.023495333118764	30	0.0003	467	3181	12	12.0	58	3164	61	3165	73	3180	4.230068684448392	3107	1.023817186997103	31	0	0	0	Statistics & Probability	0.6962025316455697	Industrial Engineering & Automation	0.05063291139240506	Mathematics & Statistics	0.7848101265822784	11	10	23594
Chu, Yuming	Huzhou University	chn	1011	2004	2025	13491	3173	22	10.97936507936507	3	0	201	789	691	2025	3.351341101743642	2184	1.452838827838828	590	0.1525	12260	3744	23	11.88412698412698	3	0	201	925	691	2415	3.410451201139094	2473	1.513950667205823	628	6	82	4	General Mathematics	0.3194856577645895	Applied Mathematics	0.1592482690405539	Mathematics & Statistics	0.5509396636993076	41	46	72185
Rosenbaum, Paul R.	Wharton School of the University of Pennsylvania	usa	261	1981	2025	972	3042	15	12.20757575757576	91	346	111	2683	182	2864	4.038096802396897	2573	1.182277497085115	157	0.03240000000000001	1007	3144	15	12.70757575757576	91	377	111	2728	182	2930	4.048767370553182	2592	1.212962962962963	166	1	0	0	Statistics & Probability	0.5670498084291188	Health Policy & Services	0.07279693486590039	Mathematics & Statistics	0.6053639846743295	18	18	23594
Little, Roderick J.A.	University of Michigan, Ann Arbor	usa	233	1976	2025	711	3030	16	10.49818931068931	50	1146	90	2386	150	2529	4.114801890776128	2769	1.094257854821235	135	0.0295	762	3122	16	10.83152264402264	50	1158	90	2414	150	2576	4.114982049433346	2809	1.111427554289783	138	0	0	1	Statistics & Probability	0.5278969957081545	Neurology & Neurosurgery	0.07296137339055794	Mathematics & Statistics	0.6008583690987125	15	15	23594
Srivastava, Hari M.	University of Victoria	can	1326	1965	2025	1467	2952	17	13.05952380952381	140	228	605	1370	1096	2119	3.945899868097336	1722	1.714285714285714	664	0.1845	955	3620	18	14.95952380952381	140	288	605	1724	1096	2626	4.058258554104411	1891	1.914331041776838	733	0	0	0	General Mathematics	0.4743589743589743	Numerical & Computational Mathematics	0.1719457013574661	Mathematics & Statistics	0.8393665158371041	3	4	72185
Follmann, Dean A.	National Institute of Allergy and Infectious Diseases (NIAID)	usa	277	1985	2025	44147	2947	19	4.214901617212055	17	9	62	149	117	245	2.986795652265316	2708	1.088257016248154	149	0.09380000000000001	40205	3252	20	4.275615902926341	17	13	62	163	117	278	3.0528743462326	2880	1.129166666666667	152	0	0	2	Statistics & Probability	0.3971119133574007	Microbiology	0.09747292418772563	Mathematics & Statistics	0.4187725631768953	200	219	23594
Speed, Terence P.	University of Melbourne	aus	414	1968	2024	25963	2907	21	7.885730974800838	45	20	59	25	207	684	3.15515311744975	2658	1.093679458239278	206	0.039	28673	3025	21	7.996842085911949	45	21	59	26	207	695	3.158816160728756	2750	1.1	210	0	0	2	Bioinformatics	0.1376811594202899	Statistics & Probability	0.1256038647342995	Mathematics & Statistics	0.3188405797101449	82	78	23358
Bûhlmann, Peter	ETH Zürich	che	204	1995	2025	1823	2833	23	14.92136752136752	27	156	60	411	148	2245	3.893714311514701	2316	1.223229706390328	141	0.015	1980	2876	23	15.58803418803419	27	157	60	412	148	2265	3.891910576827679	2336	1.231164383561644	142	0	0	1	Statistics & Probability	0.5686274509803921	Artificial Intelligence & Image Processing	0.107843137254902	Mathematics & Statistics	0.6666666666666666	26	25	23594
Zeileis, Achim	Universität Innsbruck	aut	158	2002	2025	1929	2800	22	11.98333333333334	6	145	25	823	116	2142	3.881493602043978	2304	1.215277777777778	112	0.0251	1961	2872	23	12.65	6	145	25	829	116	2189	3.894064900641208	2330	1.232618025751073	114	0	0	0	Statistics & Probability	0.3987341772151899	Meteorology & Atmospheric Sciences	0.1645569620253164	Mathematics & Statistics	0.4367088607594937	25	26	23594
Zou, Hui	University of Minnesota Twin Cities	usa	103	2004	2025	1084	2764	16	9.950000000000001	9	479	23	2408	95	2740	4.01260352127306	2340	1.181196581196581	74	0.0174	1188	2813	16	10.45	9	481	23	2421	95	2783	4.014616032001523	2357	1.193466270683072	79	0	0	0	Statistics & Probability	0.7087378640776699	Networking & Telecommunications	0.04854368932038835	Mathematics & Statistics	0.7766990291262136	21	21	23594
Wang, Sifan	Yale University	usa	16	2020	2025	57070	2670	11	3.733333333333333	0	0	8	981	8	981	2.903734739212226	2006	1.331006979062812	14	0.018	65321	2719	11	3.733333333333333	0	0	8	999	8	999	2.899284704089666	2028	1.340729783037475	14	0	0	0	Applied Mathematics	0.3125	Numerical & Computational Mathematics	0.125	Mathematics & Statistics	0.4375	196	160	22433
Hyndman, Rob J.	Monash University	aus	175	1992	2025	1978	2663	24	14.51666666666667	15	63	40	1199	101	1772	3.875060333642261	2048	1.30029296875	128	0.0355	2063	2761	24	15.46666666666667	15	63	40	1219	101	1836	3.883028365669688	2067	1.335752298016449	130	0	0	2	Statistics & Probability	0.2971428571428572	Econometrics	0.1885714285714286	Mathematics & Statistics	0.3085714285714286	27	27	23594
Atangana, Abdon	University of the Free State	zaf	400	2013	2025	709	2660	23	16.0	31	340	177	1664	316	2361	4.117860400077072	1525	1.744262295081967	285	0.0614	698	2834	24	16.75	31	350	177	1750	316	2495	4.140317030192792	1581	1.792536369386464	292	7	32	0	Applied Mathematics	0.185929648241206	Mathematical Physics	0.1030150753768844	Mathematics & Statistics	0.3919597989949749	2	2	22433
Li, Hongzhe	University of Washington School of Medicine	usa	299	1997	2025	12080	2529	22	9.868799435765306	13	19	40	181	164	722	3.384414657126744	2245	1.126503340757238	198	0.0675	12259	2712	23	9.894503803860976	13	20	40	208	164	772	3.410457865021621	2336	1.160958904109589	207	0	0	0	Statistics & Probability	0.2976588628762542	Bioinformatics	0.0903010033444816	Mathematics & Statistics	0.3277591973244147	82	84	23594
Tao, Terence Chi Shen	University of California, Los Angeles	usa	323	1996	2025	1911	2480	17	12.76666666666667	101	322	153	534	278	2370	3.883970355439391	1855	1.336927223719677	236	0.0217	2132	2535	17	12.76666666666667	101	322	153	544	278	2409	3.874539620136228	1875	1.352	238	0	0	0	General Mathematics	0.7267080745341615	Computation Theory & Mathematics	0.07763975155279502	Mathematics & Statistics	0.84472049689441	6	7	72185
Lions, Pierre Louis	Collège de France	fra	261	1978	2025	864	2457	23	15.7	49	493	110	742	233	2253	4.065799408661548	1598	1.537546933667084	174	0.0234	944	2516	23	15.95	49	493	110	757	233	2301	4.059817576912113	1614	1.558859975216853	185	0	0	0	General Mathematics	0.6896551724137931	Applied Mathematics	0.10727969348659	Mathematics & Statistics	0.89272030651341	2	2	72185
Liu, Wing Kam Snm	LLC	usa	568	1978	2025	10823	2453	26	12.76343101343101	6	2	117	364	383	1546	3.41740525531806	1827	1.34263820470717	293	0.0554	12023	2597	26	12.90628815628815	6	2	117	369	383	1625	3.415964217782118	1889	1.374801482265749	297	0	0	0	Applied Mathematics	0.4014084507042254	Mechanical Engineering & Transports	0.1883802816901408	Mathematics & Statistics	0.4436619718309859	40	34	22433
Boulesteix, Anne Laure	Munich Center for Machine Learning	deu	153	2003	2025	12662	2453	21	8.535757363551479	10	12	42	294	81	1036	3.370430254655977	2191	1.119580100410771	110	0.0562	11701	2599	22	9.006590696884814	10	16	42	317	81	1097	3.42416376523346	2264	1.147968197879859	114	0	0	0	Statistics & Probability	0.2352941176470588	Bioinformatics	0.2091503267973856	Mathematics & Statistics	0.2745098039215687	78	86	23594
Gutman, Ivan	University of Kragujevac	srb	948	1972	2025	1733	2363	20	12.88333333333333	127	188	465	1092	754	1901	3.906094398177784	934	2.529978586723769	383	0.06559999999999999	1812	2529	20	13.01666666666667	127	195	465	1137	754	2008	3.912231948654929	959	2.637122002085506	396	0	0	3	General Mathematics	0.2341772151898734	Chemical Physics	0.2172995780590717	Mathematics & Statistics	0.330168776371308	5	5	72185
Akgül, Ali	Siirt Üniversitesi	tur	636	2003	2025	11746	2343	19	10.66785714285714	11	32	71	124	253	809	3.39322930358794	1627	1.440073755377996	442	0.2124	8434	2975	21	12.8813492063492	11	38	71	147	253	993	3.51732180831151	1897	1.568265682656827	468	1	3	3	Applied Mathematics	0.1871069182389937	Mechanical Engineering & Transports	0.1650943396226415	Mathematics & Statistics	0.3632075471698113	29	36	22433
Efron, Bradley	Stanford University	usa	183	1969	2024	397	2317	23	19.33674242424242	94	903	128	1925	147	2166	4.258572498574987	2092	1.10755258126195	114	0.008100000000000001	442	2336	23	19.33674242424242	94	906	128	1934	147	2177	4.243952330614716	2106	1.109211775878443	114	0	0	1	Statistics & Probability	0.5355191256830601	General & Internal Medicine	0.03278688524590164	Mathematics & Statistics	0.6939890710382514	9	9	23594
Dunson, David B.	Duke University	usa	440	1998	2025	10189	2294	17	10.78856508141637	24	49	72	159	309	792	3.434559271749561	1975	1.161518987341772	256	0.0602	10698	2441	18	10.78856508141637	24	49	72	166	309	866	3.449910455341913	2043	1.194811551639746	267	0	0	0	Statistics & Probability	0.5181818181818182	Artificial Intelligence & Image Processing	0.1386363636363636	Mathematics & Statistics	0.5681818181818182	71	72	23594
Winkler, Michael	Paderborn University	deu	256	2001	2025	467	2262	22	19.78333333333333	104	1085	110	1118	228	2132	4.220447051892533	381	5.937007874015748	180	0.0645	455	2418	22	20.53333333333333	104	1148	110	1185	228	2275	4.235917711510657	396	6.106060606060606	189	0	0	0	General Mathematics	0.5859375	Applied Mathematics	0.3515625	Mathematics & Statistics	0.96484375	1	1	72185
Fine, Jason Peter	University of Pittsburgh	usa	292	1998	2025	12952	2243	15	7.769099832915622	2	6	14	955	130	1765	3.36410431907874	1974	1.136271529888551	163	0.0222	14181	2294	16	7.769099832915622	2	6	14	956	130	1780	3.367647709256983	2019	1.136206042595344	175	0	0	0	Statistics & Probability	0.4520547945205479	Nuclear Medicine & Medical Imaging	0.1301369863013699	Mathematics & Statistics	0.4931506849315068	90	88	23594
AHMAD, Bashir N.	King Abdulaziz University	sau	948	1991	2025	8687	2205	16	9.88968253968254	24	16	355	641	689	1633	3.480342577345942	1671	1.319569120287253	574	0.1383	7658	2559	17	10.83968253968254	24	17	355	723	689	1860	3.542811318641327	1802	1.420088790233074	610	0	0	3	Applied Mathematics	0.2447257383966245	General Mathematics	0.2341772151898734	Mathematics & Statistics	0.5833333333333334	28	29	22433
Trojovský, Pavel	Univerzita Hradec Králové	cze	141	1997	2025	5006	2181	22	11.26071428571428	35	27	49	600	114	1835	3.632030816607779	1669	1.306770521270222	77	0.04969999999999999	5225	2295	23	11.60357142857143	35	27	49	624	114	1903	3.645531134651995	1727	1.328894035900405	78	0	0	3	General Mathematics	0.3191489361702128	Applied Mathematics	0.1843971631205674	Mathematics & Statistics	0.5106382978723404	16	14	72185
Liu, Guirong	College of Engineering and Applied Science	usa	692	1989	2025	2871	2173	17	12.41666666666667	19	165	162	696	368	1485	3.77917341029916	1401	1.551034975017844	410	0.0796	2620	2361	19	13.0	19	172	162	750	368	1595	3.823460497914223	1442	1.637309292649098	425	1	0	0	Applied Mathematics	0.4407514450867052	Mechanical Engineering & Transports	0.1604046242774566	Mathematics & Statistics	0.4797687861271676	9	10	22433
Bickel, Peter J.	University of California, Berkeley	usa	165	1965	2025	16128	2131	20	8.733613095251734	19	6	79	502	104	662	3.298314837725385	1932	1.103002070393375	94	0.0392	18280	2218	20	8.876470238108876	19	6	79	505	104	669	3.293999566175001	1993	1.112895132965379	94	0	0	0	Statistics & Probability	0.4573170731707317	Bioinformatics	0.0975609756097561	Mathematics & Statistics	0.6158536585365854	113	104	23594
Bordas, Stéphane P.A.	Faculty of Science, Technology and Medicine	lux	351	2006	2025	45520	2093	21	10.13571428571429	4	0	24	48	188	1128	2.977296825925108	1501	1.394403730846103	263	0.1373	41962	2426	23	10.95238095238095	4	0	24	55	188	1312	3.039696694410543	1606	1.510585305105853	277	0	0	0	Applied Mathematics	0.4216524216524217	Mechanical Engineering & Transports	0.1111111111111111	Mathematics & Statistics	0.4729344729344729	130	126	22433
Ishwaran, Hemant	University of Miami Leonard M. Miller School of Medicine	usa	116	1996	2025	4819	2065	21	8.948880489995041	9	83	42	737	63	1035	3.641909855148922	1829	1.129032258064516	83	0.0213	5509	2110	21	8.906023347137896	9	83	42	743	63	1049	3.631380913261914	1851	1.139924365207996	84	0	0	2	Statistics & Probability	0.3793103448275862	Cardiovascular System & Hematology	0.08620689655172414	Mathematics & Statistics	0.396551724137931	38	37	23594
Dehghan, M.	Amirkabir University of Technology	irn	910	1993	2025	4271	2060	13	10.0	52	112	333	971	732	1754	3.673633906793867	1163	1.77128116938951	553	0.1055	4151	2303	14	9.999999999999998	52	115	333	1069	732	1947	3.706047199315814	1221	1.886158886158886	585	0	0	0	Numerical & Computational Mathematics	0.4142857142857143	Applied Mathematics	0.1659340659340659	Mathematics & Statistics	0.6032967032967033	6	6	16972
Bazilevs, Yuri	School of Engineering	usa	256	2005	2025	27754	2054	19	8.613095238095237	0	0	61	414	147	1442	3.134606845643975	1129	1.819309123117803	171	0.115	24233	2321	19	10.97023809523809	0	0	61	474	147	1598	3.211030734510085	1165	1.992274678111588	183	0	0	0	Applied Mathematics	0.55078125	Mechanical Engineering & Transports	0.11328125	Mathematics & Statistics	0.62890625	80	81	22433
Goodman, Jonathan B.	Courant Institute of Mathematical Sciences	usa	48	1984	2020	28526	2032	6	4.916666666666667	6	24	28	364	37	2024	3.126399806757994	1821	1.115870400878638	30	0.0015	32858	2035	6	4.916666666666667	6	24	28	364	37	2027	3.116793834112944	1824	1.115679824561403	30	0	0	0	General Mathematics	0.2291666666666667	Applied Mathematics	0.1875	Mathematics & Statistics	0.5833333333333334	147	114	72185
Bretz, Frank	Novartis International AG	che	208	1999	2025	65724	2012	12	5.943589743589744	3	3	38	151	104	288	2.857196295501598	1871	1.075360769641903	110	0.0396	73741	2095	12	5.918454639042873	3	3	38	159	104	312	2.860612633851054	1916	1.093423799582463	120	0	0	0	Statistics & Probability	0.6826923076923077	Pharmacology & Pharmacy	0.03846153846153846	Mathematics & Statistics	0.8221153846153846	349	322	23594
Momani, Shaher M.	The University of Jordan	jor	451	1991	2025	4670	1993	20	13.98474931381336	11	54	67	354	313	1334	3.649293061685407	1492	1.335790884718499	272	0.173	4346	2410	21	14.43474931381336	11	55	67	376	313	1615	3.693410762473965	1688	1.427725118483412	314	0	0	0	Numerical & Computational Mathematics	0.1796008869179601	Applied Mathematics	0.164079822616408	Mathematics & Statistics	0.4611973392461197	7	7	16972
Agarwal, Ravi P.	Texas A&M University-Kingsville	usa	1698	1977	2026	6502	1990	16	10.96666666666667	33	23	824	963	1386	1503	3.561399937953479	1505	1.322259136212625	557	0.1715	5529	2402	18	11.75	33	24	824	1050	1386	1748	3.63044848834838	1692	1.419621749408984	651	1	0	0	General Mathematics	0.3327444051825677	Applied Mathematics	0.2856301531213192	Mathematics & Statistics	0.8769140164899882	17	16	72185
Kutyniok, Gitta	Deutsches Zentrum für Luft- und Raumfahrt (DLR)	deu	189	1998	2025	37246	1965	13	6.943478260869564	17	18	53	99	107	330	3.040358877237701	1851	1.061588330632091	94	0.0315	41677	2029	13	6.943478260869564	17	18	53	103	107	356	3.041820651714683	1892	1.072410147991543	98	0	0	0	Numerical & Computational Mathematics	0.1851851851851852	General Mathematics	0.1534391534391534	Mathematics & Statistics	0.455026455026455	74	67	16972
Mao, Xuerong	University of Strathclyde	gbr	362	1983	2025	1501	1929	17	13.98333333333333	53	533	80	904	245	1474	3.940972326995923	916	2.10589519650655	245	0.1074	1335	2161	18	14.68333333333333	53	577	80	982	245	1644	3.985213061710241	950	2.274736842105263	257	0	0	0	Industrial Engineering & Automation	0.2955801104972376	Numerical & Computational Mathematics	0.1823204419889503	Mathematics & Statistics	0.5966850828729282	11	12	122381
Shen, Jie	Eastern Institute of Technology, Ningbo	chn	271	1988	2025	2533	1925	20	13.58333333333334	19	124	65	775	197	1606	3.811894235045407	854	2.254098360655738	198	0.0664	2526	2062	21	13.91666666666667	19	126	65	825	197	1720	3.832515848500806	879	2.34584755403868	208	0	0	0	Numerical & Computational Mathematics	0.4907749077490775	Applied Mathematics	0.3284132841328413	Mathematics & Statistics	0.8966789667896679	3	4	16972
Olkin, Ingram	Stanford University	usa	172	1953	2019	48920	1875	14	7.14411976911977	31	3	56	104	129	582	2.953917241388714	1828	1.025711159737418	70	0.0011	57210	1877	14	7.14411976911977	31	3	56	104	129	583	2.942161878108321	1830	1.02568306010929	70	0	0	3	Statistics & Probability	0.4090909090909091	General & Internal Medicine	0.08522727272727272	Mathematics & Statistics	0.6079545454545454	280	243	23594
Josse, Julie	Université de Montpellier	fra	61	2008	2025	87797	1874	12	6.385541752933057	0	0	13	222	25	293	2.761883678328658	1751	1.070245573957738	48	0.0178	94144	1908	13	6.635541752933057	0	0	13	227	25	301	2.781180497043731	1772	1.076749435665914	51	0	0	0	Statistics & Probability	0.5245901639344263	Artificial Intelligence & Image Processing	0.1639344262295082	Mathematics & Statistics	0.5737704918032787	433	420	23594
Mengersen, Kerrie L.	Queensland University of Technology	aus	615	1986	2025	65401	1868	19	8.329668109668109	3	0	30	51	302	676	2.85886376907384	1700	1.098823529411765	314	0.0775	70382	2025	19	8.84968726675623	3	0	30	52	302	726	2.875394733976162	1784	1.135089686098655	335	0	0	0	Statistics & Probability	0.241042345276873	Ecology	0.09446254071661238	Mathematics & Statistics	0.3175895765472312	340	320	23594
Yang, Liu	University of California, Los Angeles	usa	13	2018	2025	102317	1838	8	2.990909090909091	0	0	7	316	8	1738	2.711302703400873	1693	1.085646780862374	11	0.0275	108124	1890	9	2.990909090909091	0	0	7	333	8	1778	2.735068629309129	1731	1.091854419410745	11	0	0	0	Applied Mathematics	0.3846153846153846	Numerical & Computational Mathematics	0.2307692307692308	Mathematics & Statistics	0.6153846153846154	309	260	22433
Wickham, Hadley	RStudio	usa	43	2006	2019	2156	1832	11	7.86904761904762	14	1294	22	1316	34	1795	3.852965797484771	1721	1.064497385241139	24	0.0022	2265	1836	12	7.86904761904762	14	1294	22	1319	34	1799	3.858683477116458	1723	1.065583284968079	24	0	0	0	Statistics & Probability	0.5581395348837209	Software Engineering	0.04651162790697674	Mathematics & Statistics	0.7441860465116279	29	28	23594
Tropp, Joel A.	California Institute of Technology Division of Engineering and Applied Science	usa	103	2003	2025	1869	1817	18	11.51666666666666	26	385	41	999	78	1697	3.888583441987264	1484	1.224393530997305	76	0.0252	2085	1864	18	11.51666666666666	26	389	41	1010	78	1729	3.880422671594443	1501	1.241838774150566	78	0	0	0	Networking & Telecommunications	0.2524271844660194	Numerical & Computational Mathematics	0.2330097087378641	Mathematics & Statistics	0.3883495145631068	21	19	217319
Husson, François	Institut de Recherche Mathématique de Rennes	fra	50	1999	2025	93766	1779	9	5.414285714285715	0	0	12	89	36	1721	2.740157830495096	1664	1.069110576923077	36	0.005600000000000001	102872	1789	10	5.414285714285715	0	0	12	90	36	1725	2.751924563967649	1672	1.069976076555024	36	0	0	0	Statistics & Probability	0.42	Food Science	0.32	Mathematics & Statistics	0.46	474	450	23594
Meinshausen, Nicolai F.	ETH Zürich	che	78	2004	2025	3942	1761	16	8.942380952380951	14	302	27	675	54	1044	3.695979778145386	1603	1.098565190268247	60	0.0238	4634	1804	17	8.092380952380953	14	303	27	680	54	1061	3.676701549596727	1633	1.104715248009798	60	0	0	0	Statistics & Probability	0.4487179487179487	Artificial Intelligence & Image Processing	0.1538461538461539	Mathematics & Statistics	0.5128205128205128	35	34	23594
Li, Runze	Pennsylvania State University	usa	251	1993	2025	47491	1745	16	9.900000000000002	5	0	25	93	129	1181	2.96364866811055	1239	1.408393866020985	159	0.0663	49764	1869	16	10.73333333333333	5	0	25	99	129	1251	2.986302570365449	1298	1.439907550077042	174	0	0	0	Statistics & Probability	0.5258964143426295	Econometrics	0.05179282868525897	Mathematics & Statistics	0.6374501992031872	240	230	23594
Miehe, Christian	Universität Stuttgart	deu	137	1988	2019	3122	1743	16	11.16666666666667	18	102	77	1517	129	1735	3.758180288384506	913	1.909090909090909	101	0.0074	3556	1756	16	11.16666666666667	18	102	77	1526	129	1748	3.746118761916554	919	1.910772578890098	101	0	0	0	Applied Mathematics	0.5693430656934306	Mechanical Engineering & Transports	0.3284671532846715	Mathematics & Statistics	0.5766423357664233	13	12	22433
Rue, Håvard	King Abdullah University of Science and Technology	sau	198	1991	2025	11963	1728	17	8.83089133089133	3	12	14	626	144	1211	3.387468009268165	895	1.93072625698324	123	0.0784	12067	1875	17	9.714224664224664	3	12	14	651	144	1313	3.414905633132378	919	2.040261153427639	129	0	0	0	Statistics & Probability	0.6767676767676768	Civil Engineering	0.08080808080808081	Mathematics & Statistics	0.7121212121212122	80	83	23594
Bonett, Douglas G.	University of California, Santa Cruz	usa	113	1980	2022	4870	1714	12	8.950000000000001	35	236	73	577	103	1684	3.639334672893926	1691	1.013601419278533	57	0.0006	5604	1715	12	8.950000000000001	35	236	73	577	103	1684	3.626605557759002	1692	1.013593380614657	57	0	0	0	Statistics & Probability	0.415929203539823	Social Sciences Methods	0.2212389380530974	Mathematics & Statistics	0.4424778761061947	39	38	23594
van den Driessche, Pauline V.	University of Victoria	can	261	1968	2025	4712	1709	14	9.016666666666666	6	109	21	1127	214	1557	3.647526868034334	1399	1.221586847748392	124	0.0184	5392	1741	14	9.016666666666666	6	109	21	1128	214	1572	3.637166590619741	1410	1.234751773049645	134	0	0	0	Numerical & Computational Mathematics	0.4137931034482759	Bioinformatics	0.2950191570881226	Mathematics & Statistics	0.5210727969348659	8	8	16972
Yau, Shingtung	Shanghai Institute for Mathematics and Interdisciplinary Sciences	chn	497	1972	2025	5087	1706	17	12.96785714285714	31	156	49	162	432	1460	3.627782250775167	1205	1.415767634854772	263	0.0926	4787	1880	18	13.88452380952381	31	160	49	174	432	1610	3.667907228988276	1260	1.492063492063492	288	0	0	0	General Mathematics	0.4004024144869215	Nuclear & Particle Physics	0.1327967806841046	Mathematics & Statistics	0.4849094567404427	14	15	72185
Lin, Danyu	UNC Gillings School of Global Public Health	usa	295	1989	2025	5682	1703	20	10.82749216474762	24	50	95	670	185	992	3.596797367458232	1455	1.170446735395189	183	0.0658	6274	1823	20	10.86595370320916	24	50	95	689	185	1025	3.595167575270954	1544	1.180699481865285	191	0	0	0	Statistics & Probability	0.4372881355932203	Genetics & Heredity	0.07796610169491526	Mathematics & Statistics	0.4610169491525424	44	42	23594
Shah, Kamal	Prince Sultan University	sau	403	2007	2026	23192	1701	15	9.88571428571429	3	4	73	416	128	613	3.190293488963692	977	1.741044012282497	318	0.1374	21193	1972	16	10.95238095238095	3	4	73	464	128	706	3.250137807982696	1102	1.789473684210526	340	0	0	0	Applied Mathematics	0.3208955223880597	General Mathematics	0.1293532338308458	Mathematics & Statistics	0.5422885572139303	62	65	22433
Koenker, Roger W.	University College London	gbr	110	1972	2024	1574	1698	15	10.91666666666667	30	706	74	1482	99	1657	3.928400444568722	1369	1.240321402483565	63	0.004099999999999999	1791	1705	15	10.91666666666667	30	707	74	1486	99	1661	3.915587817400285	1373	1.241806263656227	63	0	0	1	Statistics & Probability	0.4090909090909091	Econometrics	0.2636363636363636	Mathematics & Statistics	0.5636363636363636	24	23	23594
Balakrishnan, Narayanaswamy	McMaster University, Faculty of Science	can	1074	1981	2025	5864	1693	15	11.0	40	59	395	657	898	1403	3.587355330694476	990	1.71010101010101	490	0.223	4804	2179	16	11.33333333333334	40	62	395	844	898	1811	3.667118236753634	1091	1.997250229147571	570	0	0	1	Statistics & Probability	0.7774674115456238	Operations Research	0.06797020484171322	Mathematics & Statistics	0.861266294227188	36	47	23594
Gneiting, Tilmann	Karlsruher Institut für Technologie	deu	112	1996	2025	2179	1686	18	13.95338983050847	26	192	48	1174	79	1330	3.850649239503937	1155	1.45974025974026	80	0.0757	2113	1824	20	14.20572627910661	26	194	48	1210	79	1389	3.876364883411788	1189	1.534062237174096	83	0	0	0	Statistics & Probability	0.5178571428571429	Meteorology & Atmospheric Sciences	0.1875	Mathematics & Statistics	0.6339285714285714	28	29	23594
Tweedie, Richard L.	Colorado State University	usa	90	1971	2009	69429	1679	9	4.783333333333333	22	16	28	16	75	1614	2.839259395770868	1571	1.068746021642266	34	0.0012	81163	1681	9	4.783333333333333	22	16	28	16	75	1616	2.829386035186654	1571	1.070019096117123	34	0	0	0	Statistics & Probability	0.6222222222222222	General Mathematics	0.1444444444444444	Mathematics & Statistics	0.7777777777777778	379	341	23594
Kenward, Michael G.	London School of Hygiene & Tropical Medicine	gbr	201	1985	2024	21804	1656	15	7.401190476190476	8	12	32	284	89	820	3.20883757790454	1518	1.090909090909091	108	0.04	22345	1725	16	7.987791783380018	8	12	32	286	89	851	3.234870992597263	1556	1.108611825192802	114	0	0	0	Statistics & Probability	0.5422885572139303	Endocrinology & Metabolism	0.05970149253731343	Mathematics & Statistics	0.6766169154228856	137	134	23594
Metropolis, Nicholas C.	Los Alamos National Laboratory	usa	44	1939	2017	110843	1652	5	2.033333333333333	9	0	34	1606	50	1618	2.683972547471018	1621	1.019123997532387	8	0.0	128457	1652	5	2.033333333333333	9	0	34	1606	50	1618	2.6772451311617	1621	1.019123997532387	8	0	0	0	Numerical & Computational Mathematics	0.2	General Mathematics	0.1692307692307692	Mathematics & Statistics	0.4769230769230769	215	182	16972
